{
    "servicio": 1.0,
    "alumno": 0.6206896551724138,
    "beca": 0.5862068965517241,
    "carrera": 0.5862068965517241,
    "clase": 0.5862068965517241,
    "profesores": 0.5862068965517241,
    "apoyo": 0.5517241379310345,
    "materia": 0.5172413793103449,
    "estudiante": 0.4482758620689655,
    "creo": 0.4482758620689655,
    "ser": 0.41379310344827586,
    "escolares": 0.41379310344827586,
    "deberían": 0.3793103448275862,
    "maestro": 0.3793103448275862,
    "mucha": 0.3793103448275862,
    "social": 0.3448275862068966,
    "atención": 0.3448275862068966,
    "tener": 0.3448275862068966,
    "si": 0.3103448275862069,
    "conseguir": 0.3103448275862069,
    "institución": 0.27586206896551724,
    "parte": 0.27586206896551724,
    "persona": 0.27586206896551724,
    "bien": 0.27586206896551724,
    "ma": 0.27586206896551724,
    "pagar": 0.27586206896551724,
    "difícil": 0.2413793103448276,
    "problema": 0.2413793103448276,
    "estudiar": 0.20689655172413793,
    "mejor": 0.20689655172413793,
    "familia": 0.20689655172413793,
    "verdad": 0.20689655172413793,
    "general": 0.20689655172413793,
    "mejoren": 0.1724137931034483,
    "cambiar": 0.1724137931034483,
    "puede": 0.1724137931034483,
    "menos": 0.1724137931034483,
    "semestre": 0.1724137931034483,
    "tarde": 0.1724137931034483,
    "nunca": 0.1724137931034483,
    "calidad": 0.1724137931034483,
    "siempre": 0.1724137931034483,
    "día": 0.1724137931034483,
    "realmente": 0.1724137931034483,
    "trabajo": 0.1724137931034483,
    "bueno": 0.1724137931034483,
    "buena": 0.1724137931034483,
    "gente": 0.13793103448275862,
    "solo": 0.13793103448275862,
    "dan": 0.13793103448275862,
    "profesionales": 0.13793103448275862,
    "práctica": 0.13793103448275862,
    "oportunidad": 0.13793103448275862,
    "coordinación": 0.13793103448275862,
    "aprender": 0.13793103448275862,
    "estudio": 0.13793103448275862,
    "colegiatura": 0.13793103448275862,
    "estacionamiento": 0.13793103448275862,
    "situación": 0.13793103448275862,
    "información": 0.13793103448275862,
    "mala": 0.13793103448275862,
    "además": 0.13793103448275862,
    "departamento": 0.13793103448275862,
    "derecho": 0.13793103448275862,
    "caso": 0.13793103448275862,
    "cada": 0.13793103448275862,
    "nivel": 0.13793103448275862,
    "área": 0.13793103448275862,
    "deficiente": 0.13793103448275862,
    "mejorar": 0.13793103448275862,
    "año": 0.13793103448275862,
    "proceso": 0.13793103448275862,
    "hacen": 0.10344827586206896,
    "mal": 0.10344827586206896,
    "parece": 0.10344827586206896,
    "alguien": 0.10344827586206896,
    "dar": 0.10344827586206896,
    "poner": 0.10344827586206896,
    "dieron": 0.10344827586206896,
    "dentro": 0.10344827586206896,
    "reducir": 0.10344827586206896,
    "ayudar": 0.10344827586206896,
    "pueden": 0.10344827586206896,
    "sido": 0.10344827586206896,
    "académico": 0.10344827586206896,
    "aunque": 0.10344827586206896,
    "necesitaba": 0.10344827586206896,
    "violencia": 0.10344827586206896,
    "cambio": 0.10344827586206896,
    "sistema": 0.10344827586206896,
    "falta": 0.10344827586206896,
    "programa": 0.10344827586206896,
    "gustado": 0.10344827586206896,
    "género": 0.10344827586206896,
    "embargo": 0.10344827586206896,
    "experiencia": 0.10344827586206896,
    "comunicación": 0.10344827586206896,
    "veces": 0.10344827586206896,
    "serio": 0.10344827586206896,
    "así": 0.10344827586206896,
    "quieren": 0.10344827586206896,
    "padre": 0.10344827586206896,
    "momento": 0.10344827586206896,
    "iba": 0.10344827586206896,
    "familiares": 0.10344827586206896,
    "accesible": 0.10344827586206896,
    "ayudan": 0.10344827586206896,
    "tipo": 0.10344827586206896,
    "asesoría": 0.10344827586206896,
    "lugar": 0.10344827586206896,
    "estan": 0.10344827586206896,
    "forma": 0.10344827586206896,
    "cosas": 0.10344827586206896,
    "costo": 0.10344827586206896,
    "económico": 0.10344827586206896,
    "haciendo": 0.10344827586206896,
    "caro": 0.10344827586206896,
    "pues": 0.10344827586206896,
    "debería": 0.10344827586206896,
    "contenido": 0.10344827586206896,
    "calificaciones": 0.06896551724137931,
    "interés": 0.06896551724137931,
    "talento": 0.06896551724137931,
    "cero": 0.06896551724137931,
    "empleados": 0.06896551724137931,
    "dejó": 0.06896551724137931,
    "sabor": 0.06896551724137931,
    "boca": 0.06896551724137931,
    "quitar": 0.06896551724137931,
    "pasa": 0.06896551724137931,
    "obligan": 0.06896551724137931,
    "quiere": 0.06896551724137931,
    "deja": 0.06896551724137931,
    "gustaría": 0.06896551724137931,
    "pude": 0.06896551724137931,
    "tampoco": 0.06896551724137931,
    "plataforma": 0.06896551724137931,
    "seriacion": 0.06896551724137931,
    "manera": 0.06896551724137931,
    "poder": 0.06896551724137931,
    "meter": 0.06896551724137931,
    "tiempo": 0.06896551724137931,
    "graduarme": 0.06896551724137931,
    "tomar": 0.06896551724137931,
    "cuenta": 0.06896551724137931,
    "terrible": 0.06896551724137931,
    "ingles": 0.06896551724137931,
    "pocas": 0.06896551724137931,
    "trabajar": 0.06896551724137931,
    "barreras": 0.06896551724137931,
    "da": 0.06896551724137931,
    "coraje": 0.06896551724137931,
    "energía": 0.06896551724137931,
    "pudo": 0.06896551724137931,
    "hagan": 0.06896551724137931,
    "mitad": 0.06896551724137931,
    "cafeterías": 0.06896551724137931,
    "prestar": 0.06896551724137931,
    "mujer": 0.06896551724137931,
    "necesidades": 0.06896551724137931,
    "alumnas": 0.06896551724137931,
    "permitir": 0.06896551724137931,
    "machista": 0.06896551724137931,
    "misógino": 0.06896551724137931,
    "acoso": 0.06896551724137931,
    "ayudaba": 0.06896551724137931,
    "luego": 0.06896551724137931,
    "saben": 0.06896551724137931,
    "arquitectura": 0.06896551724137931,
    "comité": 0.06896551724137931,
    "atienden": 0.06896551724137931,
    "rápido": 0.06896551724137931,
    "ayuda": 0.06896551724137931,
    "situaciones": 0.06896551724137931,
    "enseñar": 0.06896551724137931,
    "facilidad": 0.06896551724137931,
    "laboral": 0.06896551724137931,
    "hijo": 0.06896551724137931,
    "primera": 0.06896551724137931,
    "papá": 0.06896551724137931,
    "buscan": 0.06896551724137931,
    "oportunidades": 0.06896551724137931,
    "va": 0.06896551724137931,
    "lograr": 0.06896551724137931,
    "posible": 0.06896551724137931,
    "exigentes": 0.06896551724137931,
    "maneja": 0.06896551724137931,
    "lentos": 0.06896551724137931,
    "entrar": 0.06896551724137931,
    "final": 0.06896551724137931,
    "hablar": 0.06896551724137931,
    "cualquier": 0.06896551724137931,
    "desagradable": 0.06896551724137931,
    "debe": 0.06896551724137931,
    "titulación": 0.06896551724137931,
    "inscribir": 0.06896551724137931,
    "intercambio": 0.06896551724137931,
    "buscar": 0.06896551724137931,
    "deteste": 0.06896551724137931,
    "chiste": 0.06896551724137931
}